{
  "comment": "This file is used to help set default values when using the dotnet CLI extension Amazon.ElasticBeanstalk.Tools. For more information run \"dotnet eb --help\" from the project root.",
  "profile": "cloud_deploy",
  "region": "eu-central-1",
  "application": "LLPAWebsite",
  "environment": "LLPAWebsite-dev",
  "cname": "llpawebsite-dev",
  "solution-stack": "64bit Windows Server Core 2019 v2.6.8 running IIS 10.0",
  "environment-type": "SingleInstance",
  "instance-profile": "aws-elasticbeanstalk-ec2-role",
  "service-role": "aws-elasticbeanstalk-service-role",
  "health-check-url": "/",
  "instance-type": "t2.micro",
  "key-pair": "",
  "iis-website": "Default Web Site",
  "app-path": "/",
  "enable-xray": false
}